Variable,tab,Table,Group,SubGroup,Series,CoVaTrA,Cohort,Definition,Extended Source Defn,Units,CURRENCY,Years,Source,Original Source,Notes,Last IFs Update,Aggregation,Disaggregation,TreatNullsAs0s,Proprietary,Name in Source,UsedInPreprocessor,UsedInPreprocessorFileName,CompareOtherForecast,Code in Source,Decimal Places,Country Concordance,Formula,DisplayNotes,Divided
ArmsImp%TotImp,ArmsImp%TotImp,SeriesArmsImp%TotImp,"Economic, Trade",Trade,Yes,No,No,Arms imports (SIPRI trend indicator values),"Arms transfers cover the supply of military weapons through sales, aid, gifts, and those made through manufacturing licenses. Data cover major conventional weapons such as aircraft, armored vehicles, artillery, radar systems, missiles, and ships designed for military use. Excluded are transfers of other military equipment such as small arms and light weapons, trucks, small artillery, ammunition, support equipment, technology transfers, and other services. Figures are SIPRI Trend Indicator Values (TIVs) expressed in US$ m. A '0' indicates that the value of deliveries is less than US$0.5m.",Percent,,1960-2022,"World Development Indicators (WDI), World Bank","Stockholm International Peace Research Institute (SIPRI), Arms Transfers Programme (http://portal.sipri.org/publications/pages/transfer/splash).",KS,7/23/2024,GDP,GDP,0,0,Arms imports (SIPRI trend indicator values),1,ECONOMY,0,MS.MIL.MPRT.KD,3,World Bank Countries,%'NE.IMP.GNFS.CD',,NE.IMP.GNFS.CD
XDebtPNG%GDP,XDebtPNG%GDP,SeriesXDebtPNG%GDP,Economic,Finance,Yes,No,No,"External debt, private non-guaranteed, as percentage of gross domestic product",Private nonguaranteed external debt comprises long-term external obligations of private debtors that are not guaranteed for repayment by a public entity. Data are in current U.S. dollars.,Percent,,1970-2022,"World Development Indicators (WDI), World Bank","World Bank, International Debt Statistics.",KS,7/23/2024,GDP,GDP,0,0,"External debt stocks, private nonguaranteed (PNG) (DOD, current US$)",1,ECONOMY,0,DT.DOD.DPNG.CD,4,World Bank Countries,%'NY.GDP.MKTP.CD',,NY.GDP.MKTP.CD
XDebtPPG%GDP,XDebtPPG%GDP,SeriesXDebtPPG%GDP,Economic,Finance,Yes,No,No,"External debt, public and publicly guaranteed, as percentage of gross domestic product","Public and publicly guaranteed debt comprises long-term external obligations of public debtors, including the national government,  Public Corporations, State Owned Enterprises, Development Banks and Other Mixed Enterprises, political subdivisions (or an agency of either), autonomous public bodies, and external obligations of private debtors that are guaranteed for repayment by a public entity. Data are in current U.S. dollars.",Percent,,1970-2022,"World Development Indicators (WDI), World Bank","World Bank, International Debt Statistics.",KS,7/23/2024,GDP,GDP,0,0,"External debt stocks, public and publicly guaranteed (PPG) (DOD, current US$)",1,ECONOMY,0,DT.DOD.DPPG.CD,4,World Bank Countries,%'NY.GDP.MKTP.CD',,NY.GDP.MKTP.CD
XFlowsIDA%GDP,XFlowsIDA%GDP,SeriesXFlowsIDA%GDP,Economic,Finance,Yes,No,No,Net flows from IDA as % of GDP,"Net financial flows received by the borrower during the year are disbursements of loans and credits less repayments of principal. IDA is the International Development Association, the concessional loan window of the World Bank Group. Data are in current U.S. dollars.",Percent,,1970-2022,"World Development Indicators (WDI), World Bank","World Bank, International Debt Statistics.",KS,7/23/2024,GDP,GDP,0,0,"Net financial flows, IDA (NFL, current US$)",1,ECONOMY,0,DT.NFL.MIDA.CD,4,World Bank Countries,%'NY.GDP.MKTP.CD',,NY.GDP.MKTP.CD
XFlowsIMFNonCon%GDP,XFlowsIMFNonCon%GDP,SeriesXFlowsIMFNonCon%GDP,Economic,Finance,Yes,No,No,Net nonconcessional flows from IMF as % of GDP,"Net financial flows received by the borrower during the year are disbursements of loans and credits less repayments of principal. IMF is the International Monetary Fund, which provides nonconcessional lending through the credit it provides to its members, mainly to meet balance of payments needs. Data are in current U.S. dollars.",Percent,,1970-2022,"World Development Indicators (WDI), World Bank","World Bank, International Debt Statistics.",KS,7/23/2024,GDP,GDP,0,0,"Net financial flows, IMF nonconcessional (NFL, current US$)",1,ECONOMY,0,DT.NFL.IMFN.CD,4,World Bank Countries,%'NY.GDP.MKTP.CD',,NY.GDP.MKTP.CD
XIMFCredit%GDP,XIMFCredit%GDP,SeriesXIMFCredit%GDP,Economic,Finance,Yes,No,No,IMF credits as % of GDP,"Use of IMF Credit: Data related to the operations of the IMF are provided by the IMF Treasurer’s Department. They are converted from special drawing rights into dollars using end-of-period exchange rates for stocks and average-over-the-period exchange rates for flows. IMF trust fund operations under the Enhanced Structural Adjustment Facility, Extended Fund Facility, Poverty Reduction and Growth Facility, and Structural Adjustment Facility (Enhanced Structural Adjustment Facility in 1999) are presented together with all of the IMF’s special facilities (buffer stock, supplemental reserve, compensatory and contingency facilities, oil facilities, and other facilities). SDR allocations are also included in this category. According to the BPM6, SDR allocations are recorded as the incurrence of a debt liability of the member receiving them (because of a requirement to repay the allocation in certain circumstances, and also because interest accrues). This debt item is introduced for the first time this year with historical data starting in 1999.",Percent,,1970-2022,"World Development Indicators (WDI), World Bank","World Bank, International Debt Statistics.",KS,7/23/2024,GDP,GDP,0,0,"Use of IMF credit (DOD, current US$)",1,ECONOMY,0,DT.DOD.DIMF.CD,4,World Bank Countries,%'NY.GDP.MKTP.CD',,NY.GDP.MKTP.CD
XIncPayments%GDP,XIncPayments%GDP,SeriesXIncPayments%GDP,Economic,Finance,Yes,No,No,Income payments as % of GDP,"Primary income payments refer to employee compensation paid to nonresident workers and investment income (payments on direct investment, portfolio investment, other investments). Data are in current U.S. dollars.",Percent,,1960-2023,"World Development Indicators (WDI), World Bank","International Monetary Fund, Balance of Payments Statistics Yearbook and data files.",KS,7/23/2024,GDP,GDP,0,0,"Primary income payments (BoP, current US$)",1,ECONOMY,0,BM.GSR.FCTY.CD,4,World Bank Countries,%'NY.GDP.MKTP.CD',,NY.GDP.MKTP.CD
XPortBonds%GDP,XPortBonds%GDP,SeriesXPortBonds%GDP,Economic,Finance,Yes,No,No,Portfolio investment in bonds (PPG and PNG) as % of GDP,Bonds are securities issued with a fixed rate of interest for a period of more than one year. They include net flows through cross-border public and publicly guaranteed and private nonguaranteed bond issues. Data are in current U.S. dollars.,Percent,,1970-2022,"World Development Indicators (WDI), World Bank","World Bank, International Debt Statistics.",KS,7/23/2024,GDP,GDP,0,0,"Portfolio investment, bonds (PPG + PNG) (NFL, current US$)",1,ECONOMY,0,DT.NFL.BOND.CD,4,World Bank Countries,%'NY.GDP.MKTP.CD',,NY.GDP.MKTP.CD
XPortEquity%GDP,XPortEquity%GDP,SeriesXPortEquity%GDP,Economic,Finance,Yes,No,No,Portfolio investment in equity as % of GDP,"Portfolio equity includes net inflows from equity securities other than those recorded as direct investment and including shares, stocks, depository receipts (American or global), and direct purchases of shares in local stock markets by foreign investors. Data are in current U.S. dollars.",Percent,,1960-2023,"World Development Indicators (WDI), World Bank","International Monetary Fund, Balance of Payments database, and World Bank, International Debt Statistics.",KS,7/23/2024,GDP,GDP,0,0,"Portfolio equity, net inflows (BoP, current US$)",1,ECONOMY,0,BX.PEF.TOTL.CD.WD,4,World Bank Countries,%'NY.GDP.MKTP.CD',,NY.GDP.MKTP.CD
XReserves%GDP,XReserves%GDP,SeriesXReserves%GDP,Economic,Finance,Yes,No,No,Gross international reserves as % of GDP,"Total reserves comprise holdings of monetary gold, special drawing rights, reserves of IMF members held by the IMF, and holdings of foreign exchange under the control of monetary authorities. The gold component of these reserves is valued at year-end (December 31) London prices. Data are in current U.S. dollars.",Percent,,1960-2023,"World Development Indicators (WDI), World Bank","International Monetary Fund, International Financial Statistics and data files.",KS,7/23/2024,GDP,GDP,0,0,"Total reserves (includes gold, current US$)",1,ECONOMY,0,FI.RES.TOTL.CD,4,World Bank Countries,%'NY.GDP.MKTP.CD',,NY.GDP.MKTP.CD
XFlowsIMFCon%GDP,XFlowsIMFCon%GDP,SeriesXFlowsIMFCon%GDP,Economic,Finance,Yes,No,No,Net concessional flows from IMF as % of GDP,"Net financial flows received by the borrower during the year are disbursements of loans and credits less repayments of principal. IMF is the International Monetary Fund, which provides concessional lending through the Poverty Reduction and Growth Facility and the IMF Trust Fund. Data are in current U.S. dollars.",Percent,,1970-2022,"World Development Indicators (WDI), World Bank","World Bank, International Debt Statistics.",KS,7/23/2024,GDP,GDP,0,0,"Net financial flows, IMF concessional (NFL, current US$)",1,ECONOMY,0,DT.NFL.IMFC.CD,4,World Bank Countries,%'NY.GDP.MKTP.CD',,NY.GDP.MKTP.CD
XIncReceipts%GDP,XIncReceipts%GDP,SeriesXIncReceipts%GDP,Economic,Finance,Yes,No,No,Income receipts as % of GDP,"Primary income receipts refer to employee compensation paid to resident workers working abroad and investment income (receipts on direct investment, portfolio investment, other investments, and receipts on reserve assets). Data are in current U.S. dollars.",Percent,,1960-2023,"World Development Indicators (WDI), World Bank","International Monetary Fund, Balance of Payments Statistics Yearbook and data files.",KS,7/23/2024,GDP,GDP,0,0,"Primary income receipts (BoP, current US$)",1,ECONOMY,0,BX.GSR.FCTY.CD,3,World Bank Countries,%'NY.GDP.MKTP.CD',,NY.GDP.MKTP.CD
XFlowsIBRD%GDP,XFlowsIBRD%GDP,SeriesXFlowsIBRD%GDP,Economic,Finance,Yes,No,No,Net flows from IBRD as % of GDP,"Net financial flows received by the borrower during the year are disbursements of loans and credits less repayments of principal. IBRD is the International Bank for Reconstruction and Development, the founding and largest member of the World Bank Group. Data are in current U.S. dollars.",Percent,,1970-2022,"World Development Indicators (WDI), World Bank","World Bank, International Debt Statistics.",KS,7/23/2024,GDP,GDP,0,0,"Net financial flows, IBRD (NFL, current US$)",1,ECONOMY,0,DT.NFL.MIBR.CD,4,World Bank Countries,%'NY.GDP.MKTP.CD',,NY.GDP.MKTP.CD
XWBLoans%GDP,XWBLoans%GDP,SeriesXWBLoans%GDP,Economic,Finance,Yes,No,No,IBRD loans and IDA credits as % of GDP,IBRD loans and IDA credits are public and publicly guaranteed debt extended by the World Bank Group. The International Bank for Reconstruction and Development (IBRD) lends at market rates. Credits from the International Development Association (IDA) are at concessional rates. Data are in current U.S. dollars.,Percent,,1970-2022,"World Development Indicators (WDI), World Bank","World Bank, International Debt Statistics.",KS,7/23/2024,GDP,GDP,0,0,"IBRD loans and IDA credits (DOD, current US$)",1,ECONOMY,0,DT.DOD.MWBG.CD,4,World Bank Countries,%'NY.GDP.MKTP.CD',,NY.GDP.MKTP.CD
GovtCurRev%GDP,GovtCurRev%GDP,SeriesGovtCurRev%GDP,Government,Finance,Yes,No,No,Current government revenue as % of GDP,"Revenue is cash receipts from taxes, social contributions, and other revenues such as fines, fees, rent, and income from property or sales. Grants are also considered as revenue but are excluded here.",Percent,,1972-2022,"World Development Indicators (WDI), World Bank","International Monetary Fund, Government Finance Statistics Yearbook and data files, and World Bank and OECD GDP estimates.",KS,7/23/2024,GDP,GDP,0,0,"Revenue, excluding grants (% of GDP)",1,ECONOMY,0,GC.REV.XGRT.GD.ZS,3,World Bank Countries,%'NY.GDP.MKTP.CD',,NY.GDP.MKTP.CD
ExportServices%GDP,ExportServices%GDP,SeriesExportServices%GDP,"Economic, Trade",Trade,Yes,No,No,Exports of services as % of GDP,"Services refer to economic output of intangible commodities that may be produced, transferred, and consumed at the same time. Data are in current U.S. dollars.",Percent,,1960-2023,"World Development Indicators (WDI), World Bank","International Monetary Fund, Balance of Payments Statistics Yearbook and data files.",KS,7/23/2024,GDP,GDP,0,0,"Service exports (BoP, current US$)",1,ECONOMY,0,BX.GSR.NFSV.CD,4,World Bank Countries,%'NY.GDP.MKTP.CD',,NY.GDP.MKTP.CD
ExportsMerchandise%GDP,ExportsMerchandise%GDP,SeriesExportsMerchandise%GDP,"Economic, Trade",Trade,Yes,No,No,Exports of merchandise as % of GDP,Merchandise exports show the f.o.b. value of goods provided to the rest of the world valued in current U.S. dollars.,Percent,,1960-2023,"World Development Indicators (WDI), World Bank",World Trade Organization.,KS,7/23/2024,GDP,GDP,0,0,Merchandise exports (current US$),1,ECONOMY,0,TX.VAL.MRCH.CD.WT,4,World Bank Countries,%'NY.GDP.MKTP.CD',,NY.GDP.MKTP.CD
ImportServices%GDP,ImportServices%GDP,SeriesImportServices%GDP,"Economic, Trade",Trade,Yes,No,No,Imports of Services as % of GDP,"Services refer to economic output of intangible commodities that may be produced, transferred, and consumed at the same time. Data are in current U.S. dollars.",Percent,,1960-2023,"World Development Indicators (WDI), World Bank","International Monetary Fund, Balance of Payments Statistics Yearbook and data files.",KS,7/23/2024,GDP,GDP,0,0,"Service imports (BoP, current US$)",1,ECONOMY,0,BM.GSR.NFSV.CD,4,World Bank Countries,%'NY.GDP.MKTP.CD',,NY.GDP.MKTP.CD
ImportsMerchandise%GDP,ImportsMerchandise%GDP,SeriesImportsMerchandise%GDP,"Economic, Trade",Trade,Yes,No,No,Imports of merchandiseas % of GDP,Merchandise imports show the c.i.f. value of goods received from the rest of the world valued in current U.S. dollars.,Percent,,1960-2023,"World Development Indicators (WDI), World Bank",World Trade Organization.,KS,7/23/2024,GDP,GDP,0,0,Merchandise imports (current US$),1,ECONOMY,0,TM.VAL.MRCH.CD.WT,4,World Bank Countries,%'NY.GDP.MKTP.CD',,NY.GDP.MKTP.CD
XWorkerRemitPaid%GDP,XWorkerRemitPaid%GDP,SeriesXWorkerRemitPaid%GDP,"Economic, SocioPolitical",Finance,Yes,No,No,Worker remittances by country where paid as % of GDP,"Personal remittances comprise personal transfers and compensation of employees. Personal transfers consist of all current transfers in cash or in kind made or received by resident households to or from nonresident households. Personal transfers thus include all current transfers between resident and nonresident individuals. Compensation of employees refers to the income of border, seasonal, and other short-term workers who are employed in an economy where they are not resident and of residents employed by nonresident entities. Data are the sum of two items defined in the sixth edition of the IMF's Balance of Payments Manual: personal transfers and compensation of employees. Data are in current U.S. dollars.",Percent,,1970-2023,"World Development Indicators (WDI), World Bank",World Bank staff estimates based on IMF balance of payments data.,KS,7/23/2024,GDP,GDP,0,0,"Personal remittances, paid (current US$)",1,ECONOMY,0,BM.TRF.PWKR.CD.DT,4,World Bank Countries,%'NY.GDP.MKTP.CD',,NY.GDP.MKTP.CD
XWorkerRemitReceived%GDP,XWorkerRemitReceived%GDP,SeriesXWorkerRemitReceived%GDP,"Economic, SocioPolitical",Finance,Yes,No,No,Worker remittances received by country as % of GDP,"Personal remittances comprise personal transfers and compensation of employees. Personal transfers consist of all current transfers in cash or in kind made or received by resident households to or from nonresident households. Personal transfers thus include all current transfers between resident and nonresident individuals. Compensation of employees refers to the income of border, seasonal, and other short-term workers who are employed in an economy where they are not resident and of residents employed by nonresident entities. Data are the sum of two items defined in the sixth edition of the IMF's Balance of Payments Manual: personal transfers and compensation of employees. Data are in current U.S. dollars.",Percent,,1970-2023,"World Development Indicators (WDI), World Bank",World Bank staff estimates based on IMF balance of payments data.,KS,7/23/2024,GDP,GDP,0,0,"Personal remittances, received (current US$)",1,ECONOMY,0,BX.TRF.PWKR.CD.DT,4,World Bank Countries,%'NY.GDP.MKTP.CD',,NY.GDP.MKTP.CD
XDebt%GDP,XDebt%GDP,SeriesXDebt%GDP,Economic,Finance,Yes,No,No,External debt as percentage of gross domestic product,"Total external debt is debt owed to nonresidents repayable in currency, goods, or services. Total external debt is the sum of public, publicly guaranteed, and private nonguaranteed long-term debt, use of IMF credit, and short-term debt. Short-term debt includes all debt having an original maturity of one year or less and interest in arrears on long-term debt. Data are in current U.S. dollars.",Percent,,1970-2022,"World Development Indicators (WDI), World Bank","World Bank, International Debt Statistics.",KS,7/23/2024,GDP,GDP,0,0,"External debt stocks, total (DOD, current US$)",1,ECONOMY,0,DT.DOD.DECT.CD,4,World Bank Countries,%'NY.GDP.MKTP.CD',,NY.GDP.MKTP.CD
NetForeignAssets%GDP,NetForeignAssets%GDP,SeriesNetForeignAssets%GDP,Economic,Finance,Yes,No,No,Net Foreign Assets (current LCU) as a percent of GDP.,"Net foreign assets are the sum of foreign assets held by monetary authorities and deposit money banks, less their foreign liabilities. Data are in current local currency.",Percent,,1960-2023,"World Development Indicators (WDI), World Bank","International Monetary Fund, International Financial Statistics and data files.",KS,7/23/2024,GDP,GDP,0,0,Net foreign assets (current LCU),0,,0,FM.AST.NFRG.CN,4,World Bank Countries,%'NY.GDP.MKTP.CN',,NY.GDP.MKTP.CN
Labor,Labor,SeriesLabor,Economic,Labor,Yes,No,No,Labor force size,"Labor force comprises people ages 15 and older who supply labor for the production of goods and services during a specified period. It includes people who are currently employed and people who are unemployed but seeking work as well as first-time job-seekers. Not everyone who works is included, however. Unpaid workers, family workers, and students are often omitted, and some countries do not count members of the armed forces. Labor force size tends to vary during the year as seasonal workers enter and leave.",Millions,,1991-2023,"World Development Indicators (WDI), World Bank","World Bank, World Development Indicators database. Estimates are based on data obtained from International Labour Organization and United Nations Population Division.",KS,7/23/2024,SUM,GDP,0,0,"Labor force, total",1,POPULATION,0,SL.TLF.TOTL.IN,4,World Bank Countries,/1000000,,/1000000
PopulationUrban,PopulationUrban,SeriesPopulationUrban,Population,Size,Yes,No,No,Urban population,Urban population refers to people living in urban areas as defined by national statistical offices. It is calculated using World Bank population estimates and urban ratios from the United Nations World Urbanization Prospects. Aggregation of urban and rural population may not add up to total population because of different country coverages.,Millions,,1960-2023,"World Development Indicators (WDI), World Bank",World Bank staff estimates based on the United Nations Population Division's World Urbanization Prospects: 2018 Revision.,KS,7/23/2024,SUM,POP,0,0,Urban population,1,POPULATION,0,SP.URB.TOTL,4,World Bank Countries,/1000000,,/1000000
GDPCurDol,GDPCurDol,SeriesGDPCurDol,Economic,Aggregate,Yes,No,No,Gross Domestic Product in Current US$,"GDP at purchaser's prices is the sum of gross value added by all resident producers in the economy plus any product taxes and minus any subsidies not included in the value of the products. It is calculated without making deductions for depreciation of fabricated assets or for depletion and degradation of natural resources. Data are in current U.S. dollars. Dollar figures for GDP are converted from domestic currencies using single year official exchange rates. For a few countries where the official exchange rate does not reflect the rate effectively applied to actual foreign exchange transactions, an alternative conversion factor is used.",Billion $,,1960-2023,"World Development Indicators (WDI), World Bank","World Bank national accounts data, and OECD National Accounts data files.",KS,7/23/2024,SUM,GDP,0,0,GDP (current US$),1,ENERGY,0,NY.GDP.MKTP.CD,4,World Bank Countries,/1000000000,,/1000000000
Xdebt,Xdebt,SeriesXDebt,Economic,Finance,Yes,No,No,"External long-term (more than 1 year) debt: public, publically guaranteed and priv nonguaranteed",,Billion $,TRUE,1970-2022,WDI BATCH Update 2020,"World Bank, Global Development Finance.",KS,7/23/2024,SUM,GDP,0,0,"External debt stocks, long-term (DOD, current US$)",1,ECONOMY,0,DT.DOD.DLXF.CD,4,World Bank Countries,/1000000000,,/1000000000
LaborFemale%,LaborFemale%,SeriesLaborFemale%,Economic,Labor,Yes,No,No,Portion of labor force made up by women,Female labor force as a percentage of the total show the extent to which women are active in the labor force. Labor force comprises people ages 15 and older who supply labor for the production of goods and services during a specified period.,Percent,,1991-2023,"World Development Indicators (WDI), World Bank","World Bank, World Development Indicators database. Estimates are based on data obtained from International Labour Organization and United Nations Population Division.",KS,7/23/2024,POP,GDP,0,0,"Labor force, female (% of total labor force)",1,POPULATION,0,SL.TLF.TOTL.FE.ZS,4,World Bank Countries,,,
LaborSecInd%Tot,LaborSecInd%Tot,SeriesLaborSecInd%Tot,Economic,Labor,Yes,No,No,Labor in industry as % of total,"Employment is defined as persons of working age who were engaged in any activity to produce goods or provide services for pay or profit, whether at work during the reference period or not at work due to temporary absence from a job, or to working-time arrangement. The industry sector consists of mining and quarrying, manufacturing, construction, and public utilities (electricity, gas, and water), in accordance with divisions 2-5 (ISIC 2) or categories C-F (ISIC 3) or categories B-F (ISIC 4).",Percent,,1991-2022,"World Development Indicators (WDI), World Bank",International Labour Organization. “ILO modelled estimates database” ILOSTAT. Accessed January 2021. https://ilostat.ilo.org/data/.,KS,7/23/2024,POP,GDP,0,0,Employment in industry (% of total employment) (modeled ILO estimate),0,,0,SL.IND.EMPL.ZS,4,World Bank Countries,,,
LaborSecSer%Tot,LaborSecSer%Tot,SeriesLaborSecSer%Tot,Economic,Labor,Yes,No,No,Labor in services as % of total,"Employment is defined as persons of working age who were engaged in any activity to produce goods or provide services for pay or profit, whether at work during the reference period or not at work due to temporary absence from a job, or to working-time arrangement. The services sector consists of wholesale and retail trade and restaurants and hotels; transport, storage, and communications; financing, insurance, real estate, and business services; and community, social, and personal services, in accordance with divisions 6-9 (ISIC 2) or categories G-Q (ISIC 3) or categories G-U (ISIC 4).",Percent,,1991-2022,"World Development Indicators (WDI), World Bank",International Labour Organization. “ILO modelled estimates database” ILOSTAT. Accessed January 2021. https://ilostat.ilo.org/data/.,KS,7/23/2024,POP,GDP,0,0,Employment in services (% of total employment) (modeled ILO estimate),0,,0,SL.SRV.EMPL.ZS,4,World Bank Countries,,,
VaddInd%,VaddInd%,SeriesVaddInd%,Economic,Production,Yes,No,No,Value added in industry as percent of GDP,"Industry (including construction) corresponds to ISIC divisions 05-43 and includes manufacturing (ISIC divisions 10-33). It comprises value added in mining, manufacturing (also reported as a separate subgroup), construction, electricity, water, and gas. Value added is the net output of a sector after adding up all outputs and subtracting intermediate inputs. It is calculated without making deductions for depreciation of fabricated assets or depletion and degradation of natural resources. The origin of value added is determined by the International Standard Industrial Classification (ISIC), revision 4. Note: For VAB countries, gross value added at factor cost is used as the denominator.",Percent,,1960-2023,"World Development Indicators (WDI), World Bank","World Bank national accounts data, and OECD National Accounts data files.",KS,7/23/2024,GDP,GDP,0,0,"Industry (including construction), value added (% of GDP)",1,ECONOMY,0,NV.IND.TOTL.ZS,3,World Bank Countries,,,
OresMetsIm%MerchIm,OresMetsIm%MerchIm,SeriesOresMetsIm%MerchIm,Economic,Trade,Yes,No,No,Ores and Metals imports as % of merchandise imports,"Ores and metals comprise commodities in SITC sections 27 (crude fertilizer, minerals nes); 28 (metalliferous ores, scrap); and 68 (non-ferrous metals).",Percent,,1962-2023,"World Development Indicators (WDI), World Bank",World Bank staff estimates through the WITS platform from the Comtrade database maintained by the United Nations Statistics Division.,KS,7/23/2024,GDP,GDP,0,0,Ores and metals imports (% of merchandise imports),1,ECONOMY,0,TM.VAL.MMTL.ZS.UN,4,World Bank Countries,,,
GovtDebt%GDP,GovtDebt%GDP,SeriesGovtDebt%GDP,Government,Finance,Yes,No,No,Central government debt as % of GDP,"Debt is the entire stock of direct government fixed-term contractual obligations to others outstanding on a particular date. It includes domestic and foreign liabilities such as currency and money deposits, securities other than shares, and loans. It is the gross amount of government liabilities reduced by the amount of equity and financial derivatives held by the government. Because debt is a stock rather than a flow, it is measured as of a given date, usually the last day of the fiscal year.",Percent,,"1970-1971,1989-2022","World Development Indicators (WDI), World Bank","International Monetary Fund, Government Finance Statistics Yearbook and data files, and World Bank and OECD GDP estimates.",KS,7/23/2024,GDP,GDP,0,0,"Central government debt, total (% of GDP)",1,ECONOMY,0,GC.DOD.TOTL.GD.ZS,4,World Bank Countries,,,
VaddMan%,VaddMan%,SeriesVaddMan%,Economic,Production,Yes,No,No,Value added in manufacturing as percent of GDP,"Manufacturing refers to industries belonging to ISIC divisions 15-37. Value added is the net output of a sector after adding up all outputs and subtracting intermediate inputs. It is calculated without making deductions for depreciation of fabricated assets or depletion and degradation of natural resources. The origin of value added is determined by the International Standard Industrial Classification (ISIC), revision 3. Note: For VAB countries, gross value added at factor cost is used as the denominator.",Percent,,1960-2023,"World Development Indicators (WDI), World Bank","World Bank national accounts data, and OECD National Accounts data files.",KS,7/23/2024,GDP,GDP,0,0,"Manufacturing, value added (% of GDP)",1,ECONOMY,0,NV.IND.MANF.ZS,3,World Bank Countries,,,
PopForeign%,PopForeign%,SeriesPopForeign%,Population,Migration,Yes,No,No,Foreign population as % of total population,"International migrant stock is the number of people born in a country other than that in which they live. It also includes refugees. The data used to estimate the international migrant stock at a particular time are obtained mainly from population censuses. The estimates are derived from the data on foreign-born population--people who have residence in one country but were born in another country. When data on the foreign-born population are not available, data on foreign population--that is, people who are citizens of a country other than the country in which they reside--are used as estimates. After the breakup of the Soviet Union in 1991 people living in one of the newly independent countries who were born in another were classified as international migrants. Estimates of migrant stock in the newly independent states from 1990 on are based on the 1989 census of the Soviet Union. For countries with information on the international migrant stock for at least two points in time, interpolation or extrapolation was used to estimate the international migrant stock on July 1 of the reference years. For countries with only one observation, estimates for the reference years were derived using rates of change in the migrant stock in the years preceding or following the single observation available. A model was used to estimate migrants for countries that had no data.",Percent,,"1990, 1995, 2000, 2005, 2010, 2015","World Development Indicators (WDI), World Bank","United Nations Population Division, Trends in Total Migrant Stock: 2008 Revision.",KS,7/23/2024,POP,GDP,0,0,International migrant stock (% of population),0,,0,SM.POP.TOTL.ZS,4,World Bank Countries,,,
LaborAgriSector,LaborAgriSector,SeriesLaborAgriSector,Economic,Labor,Yes,No,No,"Agricultural labor force as % of total employment, ISIC multiple revisions","Employment is defined as persons of working age who were engaged in any activity to produce goods or provide services for pay or profit, whether at work during the reference period or not at work due to temporary absence from a job, or to working-time arrangement. The agriculture sector consists of activities in agriculture, hunting, forestry and fishing, in accordance with division 1 (ISIC 2) or categories A-B (ISIC 3) or category A (ISIC 4).",Percent,,1991-2022,"World Development Indicators (WDI), World Bank",International Labour Organization. “ILO modelled estimates database” ILOSTAT. Accessed January 2021. https://ilostat.ilo.org/data/.,KS,7/23/2024,POP,GDP,0,0,Employment in agriculture (% of total employment) (modeled ILO estimate),1,ECONOMY,0,SL.AGR.EMPL.ZS,3,World Bank Countries,,,
GenderUnpaidDomesticWorkTimeFemale,GenderUnpaidDomesticWorkTimeFem,SeriesGenderUnpaidDomesticWorkTimeFemale,"SocioPolitical, Population",,Yes,No,No,"Proportion of time spent on unpaid domestic and care work, female (% of 24 hour day).",The average time women spend on household provision of services for own consumption. Data are expressed as a proportion of time in a day.,Percent,,2000-2022,World Bank,"SDG Indicators Database, UN Women Database",KS,7/23/2024,POP,,0,0,"Proportion of time spent on unpaid domestic and care work, female (% of 24 hour day)",0,,0,SG.TIM.UWRK.FE,2,World Bank Countries,,,
GenderUnpaidDomesticWorkTimeMale,GenderUnpaidDomesticWorkTimeMal,SeriesGenderUnpaidDomesticWorkTimeMale,"SocioPolitical, Population",,Yes,No,No,"Proportion of time spent on unpaid domestic and care work, male (% of 24 hour day).",The average time men spend on household provision of services for own consumption. Data are expressed as a proportion of time in a day.,Percent,,2000-2022,World Bank,"SDG Indicators Database, UN Women Database",KS,7/23/2024,POP,,0,0,"Proportion of time spent on unpaid domestic and care work, male (% of 24 hour day)",1,POPULATION,0,SG.TIM.UWRK.MA,2,World Bank Countries,,,
IncBelow2D15c%,IncBelow2D15c%,SeriesIncBelow2D15c%,SocioPolitical,Equity,Yes,No,No,"Percentage of the population living on less than $2.15 a day at 2017 international prices, estimation by World Bank, Poverty and Inequality Platform.","Poverty headcount ratio at $2.15 a day is the percentage of the population living on less than $2.15 a day at 2017 purchasing power adjusted prices. As a result of revisions in PPP exchange rates, poverty rates for individual countries cannot be compared with poverty rates reported in earlier editions.",Percent,,1963-2023,"World Development Indicators (WDI), World Bank","World Bank, Poverty and Inequality Platform. Data are based on primary household survey data obtained from government statistical agencies and World Bank country departments. Data for high-income economies are mostly from the Luxembourg Income Study database. For more information and methodology, please see http://pip.worldbank.org.",KS,7/23/2024,POP,GDP,0,0,Poverty headcount ratio at $2.15 a day (2017 PPP) (% of population),0,,0,SI.POV.DDAY,4,World Bank Countries,,,
IncBelow3D65c%,IncBelow3D65c%,SeriesIncBelow3D65c%,SocioPolitical,Equity,Yes,No,No,"Percentage of the population living on less than $3.65 a day at 2017 international prices, estimation by World Bank, Poverty and Inequality Platform.",Poverty headcount ratio at $3.65 a day is the percentage of the population living on less than $3.65 a day at 2017 international prices.,Percent,,1963-2023,"World Development Indicators (WDI), World Bank","World Bank, Poverty and Inequality Platform. Data are based on primary household survey data obtained from government statistical agencies and World Bank country departments. Data for high-income economies are mostly from the Luxembourg Income Study database. For more information and methodology, please see http://pip.worldbank.org.",KS,7/23/2024,POP,GDP,0,0,Poverty headcount ratio at $3.65 a day (2017 PPP) (% of population),0,,0,SI.POV.LMIC,4,World Bank Countries,,,
IncBelow6D85c%,IncBelow6D85c%,SeriesIncBelow6D85c%,SocioPolitical,Equity,Yes,No,No,"Percentage of the population living on less than $6.85 a day at 2017 international prices, estimation by World Bank, Poverty and Inequality Platform.",Poverty headcount ratio at $6.85 a day is the percentage of the population living on less than $6.85 a day at 2017 international prices.,Percent,,1963-2023,"World Development Indicators (WDI), World Bank","World Bank, Poverty and Inequality Platform. Data are based on primary household survey data obtained from government statistical agencies and World Bank country departments. Data for high-income economies are mostly from the Luxembourg Income Study database. For more information and methodology, please see http://pip.worldbank.org.",KS,7/23/2024,POP,GDP,0,0,Poverty headcount ratio at $6.85 a day (2017 PPP) (% of population),0,,0,SI.POV.UMIC,4,World Bank Countries,,,
PovGap2D15cperDay,PovGap2D15cperDay,SeriesPovGap2D15cperDay,SocioPolitical,Equity,Yes,No,No,"Poverty gap at $2.15 per day (2017PPP), percent, estimation by World Bank, Poverty and Inequality Platform","Poverty gap at $2.15 a day (2017 PPP) is the mean shortfall in income or consumption from the poverty line $2.15 a day (counting the nonpoor as having zero shortfall), expressed as a percentage of the poverty line. This measure reflects the depth of poverty as well as its incidence.",Percent,,1963-2023,"World Development Indicators (WDI), World Bank","World Bank, Poverty and Inequality Platform. Data are based on primary household survey data obtained from government statistical agencies and World Bank country departments. Data for high-income economies are mostly from the Luxembourg Income Study database. For more information and methodology, please see http://pip.worldbank.org.",KS,7/23/2024,POP,GDP,0,0,Poverty gap at $2.15 a day (2017 PPP) (%),1,ECONOMY,0,SI.POV.GAPS,4,World Bank Countries,,,
PovGap3D65perDay,PovGap3D65perDay,SeriesPovGap3D65perDay,SocioPolitical,Equity,Yes,No,No,"Poverty gap at $3.65 per day (2017PPP), percent, estimation by World Bank, Poverty and Inequality Platform","Poverty gap at $3.65 a day (2017 PPP) is the mean shortfall in income or consumption from the poverty line $3.65 a day (counting the nonpoor as having zero shortfall), expressed as a percentage of the poverty line. This measure reflects the depth of poverty as well as its incidence.",Percent,,1963-2023,"World Development Indicators (WDI), World Bank","World Bank, Poverty and Inequality Platform. Data are based on primary household survey data obtained from government statistical agencies and World Bank country departments. Data for high-income economies are mostly from the Luxembourg Income Study database. For more information and methodology, please see http://pip.worldbank.org.",KS,7/23/2024,POP,GDP,0,0,Poverty gap at $3.65 a day (2017 PPP) (%),1,ECONOMY,0,SI.POV.LMIC.GP,4,World Bank Countries,,,
PovGap6D85cperDay,PovGap6D85cperDay,SeriesPovGap6D85cperDay,SocioPolitical,Equity,Yes,No,No,"Poverty gap at $6.85 per day (2017PPP), percent, estimation by World Bank, Poverty and Inequality Platform","Poverty gap at $6.85 a day (2017 PPP) is the mean shortfall in income or consumption from the poverty line $6.85 a day (counting the nonpoor as having zero shortfall), expressed as a percentage of the poverty line. This measure reflects the depth of poverty as well as its incidence.",Percent,,1963-2023,"World Development Indicators (WDI), World Bank","World Bank, Poverty and Inequality Platform. Data are based on primary household survey data obtained from government statistical agencies and World Bank country departments. Data for high-income economies are mostly from the Luxembourg Income Study database. For more information and methodology, please see http://pip.worldbank.org.",KS,7/23/2024,POP,GDP,0,0,Poverty gap at $6.85 a day (2017 PPP) (%),1,ECONOMY,0,SI.POV.UMIC.GP,4,World Bank Countries,,,
ExportGoodSer%,ExportGoodSer%,SeriesExportGoodSer%,"Economic, Trade",Trade,Yes,No,No,Exports of goods and services as % of GDP,"Exports of goods and services represent the value of all goods and other market services provided to the rest of the world. They include the value of merchandise, freight, insurance, transport, travel, royalties, license fees, and other services, such as communication, construction, financial, information, business, personal, and government services. They exclude compensation of employees and investment income (formerly called factor services) and transfer payments.",Percent,,1960-2023,"World Development Indicators (WDI), World Bank","World Bank national accounts data, and OECD National Accounts data files.",KS,7/23/2024,GDP,GDP,0,0,Exports of goods and services (% of GDP),1,ECONOMY,0,NE.EXP.GNFS.ZS,4,World Bank Countries,,,
EnElecTransLoss%,EnElecTransLoss%,SeriesEnElecTransLoss%,"Energy, Infrastructure, Trade",Electricity,Yes,No,No,Electric power transmission and distribution losses (% of output),"Electric power transmission and distribution losses include losses in transmission between sources of supply and points of distribution and in the distribution to consumers, including pilferage.",Percent,,1960-2014,"World Development Indicators (WDI), World Bank","IEA Statistics © OECD/IEA 2018 (http://www.iea.org/stats/index.asp), subject to https://www.iea.org/t&c/termsandconditions/",KS,7/23/2024,GDP,GDP,0,0,Electric power transmission and distribution losses (% of output),1,INFRASTRUCTURE,0,EG.ELC.LOSS.ZS,4,World Bank Countries,,,
GovtEdPub%GDP,GovtEdPub%GDP,SeriesGovtEdPub%GDP,Government,Expenditure,Yes,No,No,Educational expenditures (public) as percent of GDP,"General government expenditure on education (current, capital, and transfers) is expressed as a percentage of GDP. It includes expenditure funded by transfers from international sources to government. General government usually refers to local, regional and central governments.",Percent,,1970-2023,"World Development Indicators (WDI), World Bank","UNESCO Institute for Statistics (UIS). UIS.Stat Bulk Data Download Service. Accessed October 24, 2022. https://apiportal.uis.unesco.org/bdds.",KS,7/23/2024,GDP,,0,0,"Government expenditure on education, total (% of GDP)",1,ECONOMY,0,SE.XPD.TOTL.GD.ZS,4,World Bank Countries,,,
GovWBDoingBusinessCostofStarting,GovWBDoingBusinessCostofStartin,SeriesGovWBDoingBusinessCostofStarting,Governance,Business,Yes,No,No,Cost of registring a business as a percent of per capita income,Cost to register a business is normalized by presenting it as a percentage of gross national income (GNI) per capita.,Percent,,2003-2019,"World Development Indicators (WDI), World Bank","World Bank, Doing Business project (http://www.doingbusiness.org/). NOTE: Doing Business has been discontinued as of 9/16/2021. For more information: https://bit.ly/3CLCbme",KS,7/23/2024,GDP,GDP,0,0,Cost of business start-up procedures (% of GNI per capita),1,SOCIOPOL,0,IC.REG.COST.PC.ZS,4,World Bank Countries,,,
GovtMil%GDPWDI,GovtMil%GDPWDI,SeriesGovtMil%GDPWDI,"Government, Conflict",Expenditure,Yes,No,No,"Military expenditures (as percent of GDP). Taiwan, China values filled by SIPRI.","Military expenditures data from SIPRI are derived from the NATO definition, which includes all current and capital expenditures on the armed forces, including peacekeeping forces; defense ministries and other government agencies engaged in defense projects; paramilitary forces, if these are judged to be trained and equipped for military operations; and military space activities. Such expenditures include military and civil personnel, including retirement pensions of military personnel and social services for personnel; operation and maintenance; procurement; military research and development; and military aid (in the military expenditures of the donor country). Excluded are civil defense and current expenditures for previous military activities, such as for veterans' benefits, demobilization, conversion, and destruction of weapons. This definition cannot be applied for all countries, however, since that would require much more detailed information than is available about what is included in military budgets and off-budget military expenditure items. (For example, military budgets might or might not cover civil defense, reserves and auxiliary forces, police and paramilitary forces, dual-purpose forces such as military and civilian police, military grants in kind, pensions for military personnel, and social security contributions paid by one part of government to another.)",Percent,,1960-2022,"World Development Indicators (WDI), World Bank","Stockholm International Peace Research Institute (SIPRI), Yearbook: Armaments, Disarmament and International Security.",KS,7/23/2024,GDP,GDP,0,0,Military expenditure (% of GDP),1,ECONOMY,0,MS.MIL.XPND.GD.ZS,4,World Bank Countries,,,
GovCon%GDP,GovCon%GDP,SeriesGovCon%GDP,Economic,Aggregate,Yes,No,No,Government (general) final consumption as % of GDP,"General government final consumption expenditure (formerly general government consumption) includes all government current expenditures for purchases of goods and services (including compensation of employees). It also includes most expenditures on national defense and security, but excludes government military expenditures that are part of government capital formation.",Percent,,1960-2023,"World Development Indicators (WDI), World Bank","World Bank national accounts data, and OECD National Accounts data files.",KS,7/23/2024,GDP,GDP,0,0,General government final consumption expenditure (% of GDP),1,ECONOMY,0,NE.CON.GOVT.ZS,3,World Bank Countries,,,
GovExpense%GDP,GovExpense%GDP,SeriesGovExpense%GDP,Government,Finance,Yes,No,No,Government expense as % of GDP (compare with govt expenditures),"Expense is cash payments for operating activities of the government in providing goods and services. It includes compensation of employees (such as wages and salaries), interest and subsidies, grants, social benefits, and other expenses such as rent and dividends.",Percent,,1972-2022,"World Development Indicators (WDI), World Bank","International Monetary Fund, Government Finance Statistics Yearbook and data files, and World Bank and OECD GDP estimates.",KS,7/23/2024,GDP,GDP,0,0,Expense (% of GDP),1,ECONOMY,0,GC.XPN.TOTL.GD.ZS,3,World Bank Countries,,,
ImportGoodSer%,ImportGoodSer%,SeriesImportGoodSer%,Economic,Trade,Yes,No,No,Imports of goods and services as % of GDP,"Imports of goods and services represent the value of all goods and other market services received from the rest of the world. They include the value of merchandise, freight, insurance, transport, travel, royalties, license fees, and other services, such as communication, construction, financial, information, business, personal, and government services. They exclude compensation of employees and investment income (formerly called factor services) and transfer payments.",Percent,,1960-2023,"World Development Indicators (WDI), World Bank","World Bank national accounts data, and OECD National Accounts data files.",KS,7/23/2024,GDP,GDP,0,0,Imports of goods and services (% of GDP),1,ECONOMY,0,NE.IMP.GNFS.ZS,4,World Bank Countries,,,
EnElecConsPerCap,EnElecConsPerCap,SeriesEnElecConsPerCap,Energy,Consumption,Yes,No,No,Electricity consumption per capita,"Electric power consumption measures the production of power plants and combined heat and power plants less transmission, distribution, and transformation losses and own use by heat and power plants.",KWH/Cap,,1960-2019,"World Development Indicators (WDI), World Bank","IEA Statistics © OECD/IEA 2014 (http://www.iea.org/stats/index.asp), subject to https://www.iea.org/t&c/termsandconditions/",KS,7/23/2024,POP,GDP,0,0,Electric power consumption (kWh per capita),1,INFRASTRUCTURE,0,EG.USE.ELEC.KH.PC,4,World Bank Countries,,,
InvestGrCapForm%GDP,InvestGrCapForm%GDP,SeriesInvestGrCapForm%GDP,Economic,Aggregate,Yes,No,No,"Gross capital formation (Investment), percent of GDP","Gross capital formation (formerly gross domestic investment) consists of outlays on additions to the fixed assets of the economy plus net changes in the level of inventories. Fixed assets include land improvements (fences, ditches, drains, and so on); plant, machinery, and equipment purchases; and the construction of roads, railways, and the like, including schools, offices, hospitals, private residential dwellings, and commercial and industrial buildings. Inventories are stocks of goods held by firms to meet temporary or unexpected fluctuations in production or sales, and work in progress. According to the 1993 SNA, net acquisitions of valuables are also considered capital formation.",Percent,,1960-2023,"World Development Indicators (WDI), World Bank","World Bank national accounts data, and OECD National Accounts data files.",KS,7/23/2024,GDP,GDP,0,0,Gross capital formation (% of GDP),1,ECONOMY,0,NE.GDI.TOTL.ZS,3,World Bank Countries,,,
XFDIInflows%GDP,XFDIInflows%GDP,SeriesXFDIInflows%GDP,Economic,Finance,Yes,No,No,Foreign direct investment net inflow as % of GDP,"Foreign direct investment are the net inflows of investment to acquire a lasting management interest (10 percent or more of voting stock) in an enterprise operating in an economy other than that of the investor. It is the sum of equity capital, reinvestment of earnings, other long-term capital, and short-term capital as shown in the balance of payments. This series shows net inflows (new investment inflows less disinvestment) in the reporting economy from foreign investors, and is divided by GDP.",Percent,,1970-2022,"World Development Indicators (WDI), World Bank","International Monetary Fund, International Financial Statistics and Balance of Payments databases, World Bank, International Debt Statistics, and World Bank and OECD GDP estimates.",KS,7/23/2024,GDP,GDP,0,0,"Foreign direct investment, net inflows (% of GDP)",1,ECONOMY,0,BX.KLT.DINV.WD.GD.ZS,4,World Bank Countries,,,
XFDIOutflows%GDP,XFDIOutflows%GDP,SeriesXFDIOutflows%GDP,Economic,Finance,Yes,No,No,Foreign direct investment net outflow as % of GDP,"Foreign direct investment refers to direct investment equity flows in an economy. It is the sum of equity capital, reinvestment of earnings, and other capital. Direct investment is a category of cross-border investment associated with a resident in one economy having control or a significant degree of influence on the management of an enterprise that is resident in another economy. Ownership of 10 percent or more of the ordinary shares of voting stock is the criterion for determining the existence of a direct investment relationship. This series shows net outflows of investment from the reporting economy to the rest of the world, and is divided by GDP.",Percent,,1970-2022,"World Development Indicators (WDI), World Bank","International Monetary Fund, Balance of Payments database, supplemented by data from the United Nations Conference on Trade and Development and official national sources.",KS,7/23/2024,GDP,GDP,0,0,"Foreign direct investment, net outflows (% of GDP)",1,ECONOMY,0,BM.KLT.DINV.WD.GD.ZS,3,World Bank Countries,,,
IncShareL20%,IncShareL20%,SeriesIncShareL20%,SocioPolitical,Equity,Yes,No,No,Income share of poorest 20% of population,Percentage share of income or consumption is the share that accrues to subgroups of population indicated by deciles or quintiles. Percentage shares by quintile may not sum to 100 because of rounding.,Percent,,1963-2023,"World Development Indicators (WDI), World Bank","World Bank, Poverty and Inequality Platform. Data are based on primary household survey data obtained from government statistical agencies and World Bank country departments. Data for high-income economies are mostly from the Luxembourg Income Study database. For more information and methodology, please see http://pip.worldbank.org.",KS,7/23/2024,POP,GDP,0,0,Income share held by lowest 20%,1,ECONOMY,0,SI.DST.FRST.20,3,World Bank Countries,,,
LaborUnemploy%,LaborUnemploy%,SeriesLaborUnemploy%,Economic,Labor,Yes,No,No,"Labor unemployment, % of labor force",Unemployment refers to the share of the labor force that is without work but available for and seeking employment.,Percent,,1991-2023,"World Development Indicators (WDI), World Bank","International Labour Organization. “ILO Modelled Estimates and Projections database (ILOEST)” ILOSTAT. Accessed April 25, 2023. https://ilostat.ilo.org/data/.",KS,7/23/2024,POP,GDP,0,0,"Unemployment, total (% of total labor force) (modeled ILO estimate)",1,POPULATION,0,SL.UEM.TOTL.ZS,3,World Bank Countries,,,
TaxImportDuties%Rev,TaxImportDuties%Rev,SeriesTaxImportDuties%Rev,Government,Finance,Yes,No,No,Customs and other import duties (% of tax revenue),Customs and other import duties are all levies collected on goods that are entering the country or services delivered by nonresidents to residents. They include levies imposed for revenue or protection purposes and determined on a specific or ad valorem basis as long as they are restricted to imported goods or services.,Percent,,1972-2023,"World Development Indicators (WDI), World Bank","International Monetary Fund, Government Finance Statistics Yearbook and data files.",KS,7/23/2024,GDP,GDP,0,0,Customs and other import duties (% of tax revenue),1,ECONOMY,0,GC.TAX.IMPT.ZS,4,World Bank Countries,,,
OresMetsEx%MerchEx,OresMetsEx%MerchEx,SeriesOresMetsEx%MerchEx,Economic,Trade,Yes,No,No,Ores and Metals exports as % of merchandise exports,"Ores and metals comprise the commodities in SITC sections 27 (crude fertilizer, minerals nes); 28 (metalliferous ores, scrap); and 68 (non-ferrous metals).",Percent,,1962-2023,"World Development Indicators (WDI), World Bank",World Bank staff estimates through the WITS platform from the Comtrade database maintained by the United Nations Statistics Division.,KS,7/23/2024,GDP,GDP,0,0,Ores and metals exports (% of merchandise exports),1,ECONOMY,0,TX.VAL.MMTL.ZS.UN,4,World Bank Countries,,,
PopContrUse%WDI,PopContrUse%WDI,SeriesPopContrUse%WDI,Population,Fertility,Yes,No,No,Prevalence of contraceptive use,"Contraceptive prevalence, any method is the percentage of married women ages 15-49 who are practicing, or whose sexual partners are practicing, any method of contraception (modern or traditional). Modern methods of contraception include female and male sterilization, oral hormonal pills, the intra-uterine device (IUD), the male condom, injectables, the implant (including Norplant), vaginal barrier methods, the female condom and emergency contraception. Traditional methods of contraception include rhythm (e.g., fertility awareness based methods, periodic abstinence), withdrawal and other traditional methods.",Percent,,"1961,1963,1965-2021","World Development Indicators (WDI), World Bank","Household surveys, including Demographic and Health Surveys and Multiple Indicator Cluster Surveys. Largely compiled by United Nations Population Division.",KS,7/23/2024,POP,GDP,0,0,"Contraceptive prevalence, any method (% of married women ages 15-49)",0,,0,SP.DYN.CONU.ZS,4,World Bank Countries,,,
EnElecAccess%National,EnElecAccess%National,SeriesEnElecAccess%National,"Energy, Infrastructure",Electricity,Yes,No,No,Access to electric energy National (% of population),"Access to electricity is the percentage of population with access to electricity. Electrification data are collected from industry, national surveys and international sources.",percentage,,1990-2022,"World Development Indicators (WDI), World Bank","IEA, IRENA, UNSD, World Bank, WHO. 2023. Tracking SDG 7: The Energy Progress Report. World Bank, Washington DC. © World Bank. License: Creative Commons Attribution—NonCommercial 3.0 IGO (CC BY-NC 3.0 IGO).",KS,7/23/2024,POP,GDP,0,0,Access to electricity (% of population),1,INFRASTRUCTURE,0,EG.ELC.ACCS.ZS,4,World Bank Countries,,,
EnElecAccess%Rural,EnElecAccess%Rural,SeriesEnElecAccess%Rural,"Energy, Infrastructure",Electricity,Yes,No,No,Access to electricity in Rural areas (% of population),"Access to electricity, rural is the percentage of rural population with access to electricity.",percentage,,1990-2022,"World Development Indicators (WDI), World Bank","IEA, IRENA, UNSD, World Bank, WHO. 2023. Tracking SDG 7: The Energy Progress Report. World Bank, Washington DC. © World Bank. License: Creative Commons Attribution—NonCommercial 3.0 IGO (CC BY-NC 3.0 IGO).",KS,7/23/2024,POP,GDP,0,0,"Access to electricity, rural (% of rural population)",1,INFRASTRUCTURE,0,EG.ELC.ACCS.RU.ZS,4,World Bank Countries,,,
EnElecAccess%Urban,EnElecAccess%Urban,SeriesEnElecAccess%Urban,"Energy, Infrastructure",Electricity,Yes,No,No,Access to electricity in Urban areas (% of population),"Access to electricity, urban is the percentage of urban population with access to electricity.",percentage,,1990-2022,"World Development Indicators (WDI), World Bank","IEA, IRENA, UNSD, World Bank, WHO. 2023. Tracking SDG 7: The Energy Progress Report. World Bank, Washington DC. © World Bank. License: Creative Commons Attribution—NonCommercial 3.0 IGO (CC BY-NC 3.0 IGO).",KS,7/23/2024,POP,GDP,0,0,"Access to electricity, urban (% of urban population)",1,INFRASTRUCTURE,0,EG.ELC.ACCS.UR.ZS,4,World Bank Countries,,,
MalnChil%WeightWB,MalnChil%WeightWB,SeriesMalnChil%WeightWB,"SocioPolitical, Agriculture",Human Needs,Yes,No,No,Percentage of children under 5 malnourished based on weight; US benchmark,Prevalence of underweight children is the percentage of children under age 5 whose weight for age is more than two standard deviations below the median for the international reference population ages 0-59 months. The data are based on the WHO's 2006 Child Growth Standards.,Percent,,"1983,1985-2023","World Development Indicators (WDI), World Bank","UNICEF, WHO, World Bank: Joint child Malnutrition Estimates (JME). Aggregation is based on UNICEF, WHO, and the World Bank harmonized dataset (adjusted, comparable data) and methodology.",KS,7/23/2024,POP,GDP,0,0,"Prevalence of underweight, weight for age (% of children under 5)",1,AGRICULTURE,0,SH.STA.MALN.ZS,4,World Bank Countries,,,
TaxGoodSer%CurRev,TaxGoodSer%CurRev,SeriesTaxGoodSer%CurRev,Government,Finance,Yes,No,No,Taxes on goods and services as % of total govt revenue,"Taxes on goods and services include general sales and turnover or value added taxes, selective excises on goods, selective taxes on services, taxes on the use of goods or property, taxes on extraction and production of minerals, and profits of fiscal monopolies.",Percent,,1972-2022,"World Development Indicators (WDI), World Bank","International Monetary Fund, Government Finance Statistics Yearbook and data files.",KS,7/23/2024,GDP,GDP,0,0,Taxes on goods and services (% of revenue),1,ECONOMY,0,GC.TAX.GSRV.RV.ZS,3,World Bank Countries,,,
TaxSocSec%CurRev,TaxSocSec%CurRev,SeriesTaxSocSec%CurRev,Government,Finance,Yes,No,No,Social security taxes as % of total govt revenue,"Social contributions include social security contributions by employees, employers, and self-employed individuals, and other contributions whose source cannot be determined. They also include actual or imputed contributions to social insurance schemes operated by governments.",Percent,,1972-2022,"World Development Indicators (WDI), World Bank","International Monetary Fund, Government Finance Statistics Yearbook and data files.",KS,7/23/2024,GDP,GDP,0,0,Social contributions (% of revenue),1,ECONOMY,0,GC.REV.SOCL.ZS,3,World Bank Countries,,,
GiniExtended,GiniExtended,SeriesGiniExtended,SocioPolitical,Equity,Yes,No,No,Gini index of income inequality (lower = more equal),"Gini index measures the extent to which the distribution of income (or, in some cases, consumption expenditure) among individuals or households within an economy deviates from a perfectly equal distribution. A Lorenz curve plots the cumulative percentages of total income received against the cumulative number of recipients, starting with the poorest individual or household. The Gini index measures the area between the Lorenz curve and a hypothetical line of absolute equality, expressed as a percentage of the maximum area under the line. Thus a Gini index of 0 represents perfect equality, while an index of 100 implies perfect inequality.",Index,,1963-2023,"World Development Indicators (WDI), World Bank","World Bank, Poverty and Inequality Platform. Data are based on primary household survey data obtained from government statistical agencies and World Bank country departments. Data for high-income economies are mostly from the Luxembourg Income Study database. For more information and methodology, please see http://pip.worldbank.org.",KS,7/23/2024,POP,GDP,0,0,Gini index,1,ECONOMY,0,SI.POV.GINI,3,World Bank Countries,,,
ICTInternet%Pop,ICTInternet%Pop,SeriesICTInternet%Pop,"Information Communication,Infrastructure",Internet,Yes,No,No,Percent of population on-line,"Internet users are individuals who have used the Internet (from any location) in the last 3 months. The Internet can be used via a computer, mobile phone, personal digital assistant, games machine, digital TV etc.",Percent,,"1960,1965,1970,1975-2022","World Development Indicators (WDI), World Bank",International Telecommunication Union (ITU) World Telecommunication/ICT Indicators Database,KS,7/23/2024,POP,GDP,0,0,Individuals using the Internet (% of population),1,SOCIOPOL,0,IT.NET.USER.ZS,4,World Bank Countries,,,
LaborAgr%TotFemale,LaborAgr%TotFemale,SeriesLaborAgr%TotFemale,Economic,Labor,Yes,No,No,"Employees, agriculture, female as % of female employment","Employment is defined as persons of working age who were engaged in any activity to produce goods or provide services for pay or profit, whether at work during the reference period or not at work due to temporary absence from a job, or to working-time arrangement. The agriculture sector consists of activities in agriculture, hunting, forestry and fishing, in accordance with division 1 (ISIC 2) or categories A-B (ISIC 3) or category A (ISIC 4).",Percent,,1991-2022,"World Development Indicators (WDI), World Bank",International Labour Organization. “ILO modelled estimates database” ILOSTAT. Accessed January 2021. https://ilostat.ilo.org/data/.,KS,7/23/2024,POP,GDP,0,0,"Employment in agriculture, female (% of female employment) (modeled ILO estimate)",1,POPULATION,0,SL.AGR.EMPL.FE.ZS,4,World Bank Countries,,,
VaddAg%,VaddAg%,SeriesVaddAg%,Economic,Production,Yes,No,No,Value added in agriculture as percent of GDP,"Agriculture, forestry, and fishing corresponds to ISIC divisions 1-3 and includes forestry, hunting, and fishing, as well as cultivation of crops and livestock production. Value added is the net output of a sector after adding up all outputs and subtracting intermediate inputs. It is calculated without making deductions for depreciation of fabricated assets or depletion and degradation of natural resources. The origin of value added is determined by the International Standard Industrial Classification (ISIC), revision 4. Note: For VAB countries, gross value added at factor cost is used as the denominator.",Percent,,1960-2023,"World Development Indicators (WDI), World Bank","World Bank national accounts data, and OECD National Accounts data files.",KS,7/23/2024,GDP,GDP,0,0,"Agriculture, forestry, and fishing, value added (% of GDP)",1,ECONOMY,0,NV.AGR.TOTL.ZS,3,World Bank Countries,,,
VaddSer%,VaddSer%,SeriesVaddSer%,Economic,Production,Yes,No,No,Value added in services as percent of GDP,"Services correspond to ISIC divisions 50-99 and they include value added in wholesale and retail trade (including hotels and restaurants), transport, and government, financial, professional, and personal services such as education, health care, and real estate services. Also included are imputed bank service charges, import duties, and any statistical discrepancies noted by national compilers as well as discrepancies arising from rescaling. Value added is the net output of a sector after adding up all outputs and subtracting intermediate inputs. It is calculated without making deductions for depreciation of fabricated assets or depletion and degradation of natural resources. The industrial origin of value added is determined by the International Standard Industrial Classification (ISIC), revision 3 or 4.",Percent,,1960-2023,"World Development Indicators (WDI), World Bank","World Bank national accounts data, and OECD National Accounts data files.",KS,7/23/2024,GDP,GDP,0,0,"Services, value added (% of GDP)",1,ECONOMY,0,NV.SRV.TOTL.ZS,3,World Bank Countries,,,
LaborAgr%TotMale,LaborAgr%TotMale,SeriesLaborAgr%TotMale,Economic,Labor,Yes,No,No,"Employees, agriculture, males as % of male employment","Employment is defined as persons of working age who were engaged in any activity to produce goods or provide services for pay or profit, whether at work during the reference period or not at work due to temporary absence from a job, or to working-time arrangement. The agriculture sector consists of activities in agriculture, hunting, forestry and fishing, in accordance with division 1 (ISIC 2) or categories A-B (ISIC 3) or category A (ISIC 4).",Percent,,1991-2022,"World Development Indicators (WDI), World Bank",International Labour Organization. “ILO modelled estimates database” ILOSTAT. Accessed January 2021. https://ilostat.ilo.org/data/.,KS,7/23/2024,POP,GDP,0,0,"Employment in agriculture, male (% of male employment) (modeled ILO estimate)",1,POPULATION,0,SL.AGR.EMPL.MA.ZS,4,World Bank Countries,,,
XCurActBal%GDP,XCurActBal%GDP,SeriesXCurActBal%GDP,Economic,Finance,Yes,No,No,Current account balance (% of GDP),"Current account balance is the sum of net exports of goods and services, net primary income, and net secondary income.",Percent,,1960-2023,"World Development Indicators (WDI), World Bank","International Monetary Fund, Balance of Payments Statistics Yearbook and data files, and World Bank and OECD GDP estimates.",KS,7/23/2024,GDP,GDP,0,0,Current account balance (% of GDP),1,ECONOMY,0,BN.CAB.XOKA.GD.ZS,3,World Bank Countries,,,
MaternalMortalityRatio,MaternalMortalityRatio,SeriesMaternalMortalityRatio,Population,Health,Yes,No,No,"Maternal deaths per 100,000 live births","Maternal mortality ratio is the number of women who die from pregnancy-related causes while pregnant or within 42 days of pregnancy termination per 100,000 live births. The data are estimated with a regression model using information on the proportion of maternal deaths among non-AIDS deaths in women ages 15-49, fertility, birth attendants, and GDP measured using purchasing power parities (PPPs).",Ratio,,2000-2020,"World Development Indicators (WDI), World Bank","WHO, UNICEF, UNFPA, World Bank Group, and UNDESA/Population Division. Trends in Maternal Mortality 2000 to 2020. Geneva, World Health Organization, 2023",KS,7/23/2024,BIRTHS,GDP,0,0,"Maternal mortality ratio (modeled estimate, per 100,000 live births)",1,POPULATION,0,SH.STA.MMRT,2,World Bank Countries,,,
EnvPMWDI,EnvPMWDI,SeriesEnvPMWDI,Environment,Pollution levels,Yes,No,No,"PM2.5 air pollution, mean annual exposure (micrograms per cubic meter)","Population-weighted exposure to ambient PM2.5 pollution is defined as the average level of exposure of a nation's population to concentrations of suspended particles measuring less than 2.5 microns in aerodynamic diameter, which are capable of penetrating deep into the respiratory tract and causing severe health damage. Exposure is calculated by weighting mean annual concentrations of PM2.5 by population in both urban and rural areas.",micrograms per cubic meter,,"1990,1995,2000,2005,2010-2019","World Development Indicators (WDI), World Bank","Global Burden of Disease Collaborative Network. 2021. Global Burden of Disease Study 2019 (GBD 2019) Air Pollution Exposure Estimates 1990-2019. Seattle, United States of America: Institute for Health Metrics and Evaluation (IHME). https://doi.org/10.6069/70JS-NC54",KS,7/23/2024,POP,GDP,0,0,"PM2.5 air pollution, mean annual exposure (micrograms per cubic meter)",1,ENVIRONMENT,0,EN.ATM.PM25.MC.M3,5,World Bank Countries,,,
ChildStuntingPercentWDI,ChildStuntingPercentWDI,SeriesChildStuntingPercentWDI,"Population, Health",Stunting,Yes,No,No,Stunting (Height for age) amongst children aged under the age of 5,Prevalence of stunting is the percentage of children under age 5 whose height for age is more than two standard deviations below the median for the international reference population ages 0-59 months. For children up to two years old height is measured by recumbent length. For older children height is measured by stature while standing. The data are based on the WHO's 2006 Child Growth Standards.,Percent,,"1983,1985-2023","World Development Indicators (WDI), World Bank","UNICEF, WHO, World Bank: Joint child Malnutrition Estimates (JME). Aggregation is based on UNICEF, WHO, and the World Bank harmonized dataset (adjusted, comparable data) and methodology.",KS,7/23/2024,POP,GDP,0,0,"Prevalence of stunting, height for age (% of children under 5)",1,HEALTH,0,SH.STA.STNT.ZS,5,World Bank Countries,,,
HealthMalarBedNetsWDI,HealthMalarBedNetsWDI,SeriesHealthMalarBedNetsWDI,"Population, Health",Health,Yes,No,No,Use of insecticide-treated bed nets (% of under-5 population),Use of insecticide-treated bed nets refers to the percentage of children under age five who slept under an insecticide-treated bednet to prevent malaria.,Percent,,1999-2021,"World Development Indicators (WDI), World Bank","UNICEF, State of the World's Children, Childinfo, and Demographic and Health Surveys.",KS,7/23/2024,None,GDP,0,0,Use of insecticide-treated bed nets (% of under-5 population),1,HEALTH,0,SH.MLR.NETS.ZS,3,World Bank Countries,,,
AidRecGrant%TotRev,AidRecGrant%TotRev,SeriesAidRecGrant%TotRev,Economic,Finance,Yes,No,No,"Grants and other revenue include grants from other foreign governments, international organizations, and other government units;","Grants and other revenue include grants from other foreign governments, international organizations, and other government units; interest; dividends; rent; requited, nonrepayable receipts for public purposes (such as fines, administrative fees, and entrepreneurial income from government owner­ship of property); and voluntary, unrequited, nonrepayable receipts other than grants.",Percent,,1972-2022,"World Development Indicators (WDI), World Bank","International Monetary Fund, Government Finance Statistics Yearbook and data files.",KS,7/23/2024,GDP,GDP,0,0,Grants and other revenue (% of revenue),1,ECONOMY,0,GC.REV.GOTR.ZS,3,World Bank Countries,,,
IncBelowNPL%WDI,IncBelowNPL%WDI,SeriesIncBelowNPL%WDI,SocioPolitical,Equity,Yes,No,No,Population below national poverty line,"National poverty headcount ratio is the percentage of the population living below the national poverty line(s). National estimates are based on population-weighted subgroup estimates from household surveys. For economies for which the data are from EU-SILC, the reported year is the income reference year, which is the year before the survey year.",Percent,,1985-2023,"World Development Indicators (WDI), World Bank","World Bank, Poverty and Inequality Platform. Data are compiled from official government sources or are computed by World Bank staff using national (i.e. country–specific) poverty lines.",KS,7/23/2024,POP,GDP,0,0,Poverty headcount ratio at national poverty lines (% of population),1,ECONOMY,0,SI.POV.NAHC,1,World Bank Countries,,,
ICTImport%Imp,ICTImport%Imp,SeriesICTImport%Imp,"Information Communication,Infrastructure, Trade",Trade,Yes,No,No,Imports of ICT goods as % of total goods imports,"Information and communication technology goods imports include computers and peripheral equipment, communication equipment, consumer electronic equipment, electronic components, and other information and technology goods (miscellaneous).",Percent,,2000-2021,"World Development Indicators (WDI), World Bank",United Nations Conference on Trade and Development's UNCTADstat database at http://unctadstat.unctad.org/ReportFolders/reportFolders.aspx.,KS,7/23/2024,GDP,GDP,0,0,ICT goods imports (% total goods imports),0,,0,TM.VAL.ICTG.ZS.UN,2,World Bank Countries,,,
ICTExport%Exp,ICTExport%Exp,SeriesICTExport%Exp,"Information Communication,Infrastructure, Trade",Trade,Yes,No,No,Exports of ICT goods as % of total goods exports,"Information and communication technology goods exports include computers and peripheral equipment, communication equipment, consumer electronic equipment, electronic components, and other information and technology goods (miscellaneous).",Percent,,2000-2021,"World Development Indicators (WDI), World Bank",United Nations Conference on Trade and Development's UNCTADstat database at http://unctadstat.unctad.org/ReportFolders/reportFolders.aspx.,KS,7/23/2024,GDP,GDP,0,0,ICT goods exports (% of total goods exports),0,,0,TX.VAL.ICTG.ZS.UN,2,World Bank Countries,,,
